1,Behavioral Health,Active,Medicare
2,Central,Active,Medicare
3,Engagement Coordinators,Active,Medicare
4,FEP,Active,Medicare
5,Mid Group,Active,Medicare
6,Northeast,Active,Medicare
7,Northwest,Active,Medicare
8,South,Active,Medicare
9,Specialty Programs,Active,Medicare
10,Statewide Resource Team,Active,Medicare
11,TU,Active,Medicare
12,West Coast,Active,Medicare
13,Intake Coordinators,Active,Medicare
14,Health Management,Inactive,Commercial
15,Community Health,Inactive,Commercial
16,Readmission Prevention,Active,Commercial
17,Quality&Compliance,Active,Commercial
18,Clinical Support,Inactive,Commercial
19,Case Management,Active,Commercial
